<?xml version='1.0' encoding='ISO-8859-1' standalone='yes' ?>
	<help>
		<element name="DESCRIPTION" text="This algorithm creates a Voronoi tesselation from a set of input points. Each of this points represents a so-called Voronoi site&#10;&#10;The resulting Voronoi tesellation contains one polygon for each site. The polygon associated to a given site contains all the points closer to that site than to any other site. The segments of the Voronoi diagram are all the points in the plane that are equidistant to the two nearest sites. The Voronoi nodes are the points equidistant to three (or more) sites." description="Description" type="0">
			<image description="" file="600px-Coloured_Voronoi_2D.svg.png">
			</image>
		</element>
		<element name="ADDITIONAL_INFO" text="" description="Additional information" type="0">
		</element>
		<element name="EXTENSION_AUTHOR" text="Victor Olaya" description="Algorithm created by" type="0">
		</element>
		<element name="HELP_AUTHOR" text="Victor Olaya" description="Help file created by" type="0">
		</element>
		<element name="USER_NOTES" text="" description="User notes" type="0">
		</element>
		<element name="POINTS" text="The input layer with points." description="Points layer" type="3">
		</element>
		<element name="OUTPUT_DESCRIPTION" text="" description="Description" type="2">
		</element>
		<element name="TRIANGLES" text="The Voronoi tesellation. Attributes from each input point are transfered to its associated Voronoi polygon." description="Voronoi tesellation" type="2">
		</element>
	</help>
<?xml version='1.0' encoding='ISO-8859-1' standalone='yes' ?>