<?xml version='1.0' encoding='ISO-8859-1' standalone='yes' ?>
	<help>
		<element name="DESCRIPTION" text="" description="Description" type="0">
		</element>
		<element name="ADDITIONAL_INFO" text="" description="Additional information" type="0">
		</element>
		<element name="EXTENSION_AUTHOR" text="" description="Algorithm created by" type="0">
		</element>
		<element name="HELP_AUTHOR" text="" description="Help file created by" type="0">
		</element>
		<element name="USER_NOTES" text="" description="User notes" type="0">
		</element>
		<element name="MINX" text="" description="X min" type="3">
		</element>
		<element name="MAXX" text="" description="X Max" type="3">
		</element>
		<element name="MINY" text="" description="Y Min" type="3">
		</element>
		<element name="MAXY" text="" description="Y Max" type="3">
		</element>
		<element name="MINZ" text="" description="Z Min" type="3">
		</element>
		<element name="MAXZ" text="" description="Z Max" type="3">
		</element>
		<element name="FORMULA" text="" description="Formula" type="3">
		</element>
		<element name="OUTPUT_DESCRIPTION" text="" description="Description" type="2">
		</element>
		<element name="RESULT" text="" description="3D Raster layer from function" type="2">
		</element>
	</help>
<?xml version='1.0' encoding='ISO-8859-1' standalone='yes' ?>