<?xml version='1.0' encoding='ISO-8859-1' standalone='yes' ?>
	<help>
		<element name="DESCRIPTION" text="This algorithm splits a lines layer using an additional points layer.&#10;&#10;Points at a distance from a line lower than a given threshold will cause the be line to be splitted at the closest point between both. &#10;&#10;A value from the point is added to the line. The user can select whether to add it to the segment finishing at the point or to the one starting at it" description="Description" type="0">
			<image description="" file="fragmentar_lineas_con_capas_puntos.jpg">
			</image>
		</element>
		<element name="ADDITIONAL_INFO" text="" description="Additional information" type="0">
		</element>
		<element name="EXTENSION_AUTHOR" text="Victor Olaya" description="Extension created by" type="0">
		</element>
		<element name="HELP_AUTHOR" text="Victor Olaya" description="Help file created by" type="0">
		</element>
		<element name="USER_NOTES" text="" description="User_notes" type="0">
		</element>
		<element name="LINES" text="The input lines layer" description="Lines" type="3">
		</element>
		<element name="POINTS" text="Points used to split lines in the input lines layer" description="Point layer" type="3">
		</element>
		<element name="TOLERANCE" text="Threshold distance for splitting" description="Tolerance" type="3">
		</element>
		<element name="FIELD" text="Field from the points layer associated table with values to add to the resulting layer" description="Field" type="3">
		</element>
		<element name="METHOD" text="The following methods are available:&#10;* Add data before point.&#10;* Add data after point." description="Method" type="3">
		</element>
		<element name="OUTPUT_DESCRIPTION" text="" description="Description" type="2">
		</element>
		<element name="RESULT" text="The output layer with splitted lines." description="Splitted lines" type="2">
		</element>
	</help>
<?xml version='1.0' encoding='ISO-8859-1' standalone='yes' ?>