<?xml version='1.0' encoding='ISO-8859-1' standalone='yes' ?>
	<help>
		<element name="DESCRIPTION" text="This algorithm eliminates small polygons in a raster layer (i.e. small groups of contiguous cells with a common value). Cells in any of those small zones will be given the no-data value" description="Description" type="0">
		</element>
		<element name="ADDITIONAL_INFO" text="" description="Additional information" type="0">
		</element>
		<element name="EXTENSION_AUTHOR" text="Victor Olaya" description="Extension created by" type="0">
		</element>
		<element name="HELP_AUTHOR" text="Victor Olaya" description="Help file created by" type="0">
		</element>
		<element name="USER_NOTES" text="" description="User_notes" type="0">
		</element>
		<element name="INPUT" text="The input categorical layer" description="Layer" type="3">
		</element>
		<element name="MINAREA" text="Minimum area (in cells). All cells that belong to a zone with less that this number of cells will be eliminated (substituted by cells with no-data values)" description="Min. area(cells)" type="3">
		</element>
		<element name="OUTPUT_DESCRIPTION" text="" description="Description" type="2">
		</element>
		<element name="RESULT" text="The resulting layer with no-data values in those cells belonging to cell clumps smaller than the selected minimum area." description="Filtered layer" type="2">
		</element>
	</help>
<?xml version='1.0' encoding='ISO-8859-1' standalone='yes' ?>