<?xml version='1.0' encoding='ISO-8859-1' standalone='yes' ?>
	<help>
		<element name="DESCRIPTION" text='This algorithm smooth the lines in a lines layer, adding extra nodes to it. This is the inverse operation to the one performed by the "simplify lines" algorithms.&#10;&#10;' description="Description" type="0">
			<image description="Original and smoothed lines" file="lines.png">
			</image>
		</element>
		<element name="ADDITIONAL_INFO" text="" description="Additional information" type="0">
		</element>
		<element name="EXTENSION_AUTHOR" text="Victor Olaya" description="Algorithm created by" type="0">
		</element>
		<element name="HELP_AUTHOR" text="Victor Olaya" description="Help file created by" type="0">
		</element>
		<element name="USER_NOTES" text="" description="User_notes" type="0">
		</element>
		<element name="LAYER" text="The input lines layer" description="Lines" type="3">
		</element>
		<element name="INTERMEDIATE_POINTS" text="The nummer of intermediate points to add. A larger value will cause the algorithm to add more points, resulting in a more smooth line, but enlarging the size of the resulting file." description="Intermediate points" type="3">
		</element>
		<element name="CURVE_TYPE" text="The type of mathematical curve to use for the smoothing" description="Curve type" type="3">
		</element>
		<element name="OUTPUT_DESCRIPTION" text="" description="Description" type="2">
		</element>
		<element name="RESULT" text="The resulting layer with smoothed lines." description="Smoothed lines" type="2">
		</element>
	</help>
<?xml version='1.0' encoding='ISO-8859-1' standalone='yes' ?>