<?xml version='1.0' encoding='ISO-8859-1' standalone='yes' ?>
	<help>
		<element name="DESCRIPTION" text="This algorithm classifies features in a vector layer into a given number of classes, using the values of several variables associated with those features." description="Description" type="0">
		</element>
		<element name="ADDITIONAL_INFO" text="" description="Additional information" type="0">
		</element>
		<element name="EXTENSION_AUTHOR" text="Victor Olaya" description="Extension created by" type="0">
		</element>
		<element name="HELP_AUTHOR" text="Victor Olaya" description="Help file created by" type="0">
		</element>
		<element name="USER_NOTES" text="" description="User_notes" type="0">
		</element>
		<element name="LAYER" text="The input layer with features to classified." description="Layer" type="3">
		</element>
		<element name="FIELDS" text="The field with the variables to be used for classification. It should be a string with the names of those fields separated by commas. Names are case-sensitive.&#10; " description="Fields" type="3">
		</element>
		<element name="NUMCLASS" text="The number of classes to create." description="Number of classes" type="3">
		</element>
		<element name="OUTPUT_DESCRIPTION" text="" description="Description" type="2">
		</element>
		<element name="RESULT" text="The resulting layer is identical to the input one, but contains an additional field in its attributes table, which indicates the group each point belongs to." description="Result" type="2">
		</element>
	</help>
<?xml version='1.0' encoding='ISO-8859-1' standalone='yes' ?>