<?xml version='1.0' encoding='ISO-8859-1' standalone='yes' ?>
	<help>
		<element name="DESCRIPTION" text="This algorithm calculates the cost of moving along predefined route." description="Description" type="0">
		</element>
		<element name="ADDITIONAL_INFO" text="" description="Additional information" type="0">
		</element>
		<element name="EXTENSION_AUTHOR" text="Victor Olaya" description="Extension created by" type="0">
		</element>
		<element name="HELP_AUTHOR" text="Victor Olaya" description="Help file created by" type="0">
		</element>
		<element name="USER_NOTES" text="" description="User_notes" type="0">
		</element>
		<element name="ROUTES" text="A vector layer with predefined routes." description="Routes" type="3">
		</element>
		<element name="COST" text="A friction surface (unitary cost layer)" description="Cost" type="3">
		</element>
		<element name="OUTPUT_DESCRIPTION" text="" description="Description" type="2">
		</element>
		<element name="RESULT" text="A new vector layer containing the predefined routes. The associated attributes table contains the same fields as the attributes table in the input layer, with two additional fields containing the distance of each route and the cost of moving along it." description="Routes and cost" type="2">
		</element>
	</help>
<?xml version='1.0' encoding='ISO-8859-1' standalone='yes' ?>