<?xml version='1.0' encoding='ISO-8859-1' standalone='yes' ?>
	<help>
		<element name="DESCRIPTION" text="This algorithm takes a points layer as input and calculates a new raster layer with distances from each cell to the closest point from that cell. This could be calculated using the Accumulated cost module and using a constant cost layer (with cost = cellsize). However, this algorithm uses a more precise approach, calculating the exact euclidean distance from each cell to the closest point." description="Description" type="0">
		</element>
		<element name="ADDITIONAL_INFO" text="" description="Additional information" type="0">
		</element>
		<element name="EXTENSION_AUTHOR" text="" description="Algorithm created by" type="0">
		</element>
		<element name="HELP_AUTHOR" text="" description="Help file created by" type="0">
		</element>
		<element name="USER_NOTES" text="" description="User_notes" type="0">
		</element>
		<element name="LAYER" text="The input points layer" description="Point layer" type="3">
		</element>
		<element name="OUTPUT_DESCRIPTION" text="" description="Description" type="2">
		</element>
		<element name="RESULT" text="The output layer with euclidean distances from each cell to the closest point" description="Result" type="2">
		</element>
	</help>
<?xml version='1.0' encoding='ISO-8859-1' standalone='yes' ?>