<?xml version='1.0' encoding='ISO-8859-1' standalone='yes' ?>
	<help>
		<element name="DESCRIPTION" text="This algorithm creates a new points layer by adding evenly spaced points along the lines of an input layer" description="Description" type="0">
			<image description="" file="Convertir lineas en puntos equiespaciados.jpg">
			</image>
		</element>
		<element name="ADDITIONAL_INFO" text="" description="Additional information" type="0">
		</element>
		<element name="EXTENSION_AUTHOR" text="Victor Olaya" description="Extension created by" type="0">
		</element>
		<element name="HELP_AUTHOR" text="Victor Olaya" description="Help file created by" type="0">
		</element>
		<element name="USER_NOTES" text="" description="User_notes" type="0">
		</element>
		<element name="LINES" text="the input lines layer." description="Lines" type="3">
		</element>
		<element name="DISTANCE" text="Distance between points, measured along the line." description="Distance between points" type="3">
		</element>
		<element name="OUTPUT_DESCRIPTION" text="" description="Description" type="2">
		</element>
		<element name="RESULT" text="The attributes table of this output layer contains the same fields as the one associated to the input layer. Each point is given the values of the line it belongs to" description="Points" type="2">
		</element>
	</help>
<?xml version='1.0' encoding='ISO-8859-1' standalone='yes' ?>