<?xml version='1.0' encoding='ISO-8859-1' standalone='yes' ?>
	<help>
		<element name="DESCRIPTION" text="This algorithm extends the attributes table of a points layer, adding new fields that contain the values of a given set of raster layers at those points" description="Description" type="0">
		</element>
		<element name="ADDITIONAL_INFO" text="" description="Additional information" type="0">
		</element>
		<element name="EXTENSION_AUTHOR" text="Victor Olaya" description="Extension created by" type="0">
		</element>
		<element name="HELP_AUTHOR" text="Victor Olaya" description="Help file created by" type="0">
		</element>
		<element name="USER_NOTES" text="" description="User_notes" type="0">
		</element>
		<element name="LAYER" text="The input points layer" description="Point layer" type="3">
		</element>
		<element name="GRIDS" text="The set of input raster layers. For each of them, a new field will be added to the attributes table of the points layer" description="Raster layers" type="3">
		</element>
		<element name="INTERPOLATE" text="If this option is selected, b-spline interpolation is used to calculate values when points do not fall exactly on the center of a pixel. If not, the value of the nearest pixel is used." description="Use interpolation" type="3">
		</element>
		<element name="OUTPUT_DESCRIPTION" text="" description="Description" type="2">
		</element>
		<element name="RESULT" text="The resulting extended layer" description="Points" type="2">
		</element>
	</help>
<?xml version='1.0' encoding='ISO-8859-1' standalone='yes' ?>