<?xml version='1.0' encoding='ISO-8859-1' standalone='yes' ?>
	<help>
		<element name="DESCRIPTION" text="This algorithm performs a Shapiro-Wilk normality test on the values of a given variable in a vector layer&#10;&#10;" description="Description" type="0">
		</element>
		<element name="ADDITIONAL_INFO" text="http://en.wikipedia.org/wiki/Shapiro-Wilk_test" description="Additional information" type="0">
		</element>
		<element name="EXTENSION_AUTHOR" text="Victor Olaya" description="Algorithm created by" type="0">
		</element>
		<element name="HELP_AUTHOR" text="Victor Olaya" description="Help file created by" type="0">
		</element>
		<element name="USER_NOTES" text="" description="User_notes" type="0">
		</element>
		<element name="LAYER" text="The input layer" description="Layer" type="3">
		</element>
		<element name="FIELD" text="The field that contains the variable to analyze" description="Field" type="3">
		</element>
		<element name="OUTPUT_DESCRIPTION" text="" description="Description" type="2">
		</element>
		<element name="RESULT" text="The resulting value (W) of the normality test.&#10;&#10;If W is too small, the null hypothesis (the sample came for a normally distributed population) may be rejected." description="Result" type="2">
		</element>
	</help>
<?xml version='1.0' encoding='ISO-8859-1' standalone='yes' ?>