<?xml version='1.0' encoding='ISO-8859-1' standalone='yes' ?>
	<help>
		<element name="DESCRIPTION" text="This algorithm computes the intersection between two polygon vector layers. This is equivalent to a boolean AND operator. The geometries are altered and attributes table of the resulting layer contains as many fields as the union of both input attributes tables, as shown in the following picture" description="Description" type="0">
			<image description="" file="interseccion.jpg">
			</image>
		</element>
		<element name="ADDITIONAL_INFO" text="" description="Additional information" type="0">
		</element>
		<element name="EXTENSION_AUTHOR" text="Victor Olaya" description="Algorithm created by" type="0">
		</element>
		<element name="HELP_AUTHOR" text="Victor Olaya" description="Help file created by" type="0">
		</element>
		<element name="USER_NOTES" text="" description="User_notes" type="0">
		</element>
		<element name="LAYER1" text="The first input layer" description="Layer 1" type="3">
		</element>
		<element name="LAYER2" text="The second input layer" description="Layer 2" type="3">
		</element>
		<element name="OUTPUT_DESCRIPTION" text="" description="Description" type="2">
		</element>
		<element name="RESULT" text="The resulting output layer with intersected polygons and a modified attributes table" description="Clipped_Layer" type="2">
		</element>
	</help>
<?xml version='1.0' encoding='ISO-8859-1' standalone='yes' ?>