<?xml version='1.0' encoding='ISO-8859-1' standalone='yes' ?>
	<help>
		<element name="DESCRIPTION" text="This algorithm places points on lines at a given distance measured from the start of the line along it.&#10;&#10;Distances are entered using a table, which contains an identifier of the corresponding line and the distance at which the point is to be added. Multiple points can be added to a single line." description="Description" type="0">
		</element>
		<element name="ADDITIONAL_INFO" text="Development of this algorithm was funded by Deputaci&#243;n de Pontevedra" description="Additional information" type="0">
		</element>
		<element name="EXTENSION_AUTHOR" text="Victor Olaya&#9;" description="Algorithm created by" type="0">
		</element>
		<element name="HELP_AUTHOR" text="Victor Olaya" description="Help file created by" type="0">
		</element>
		<element name="USER_NOTES" text="" description="User notes" type="0">
		</element>
		<element name="LINES" text="The lines layer" description="Lines" type="3">
		</element>
		<element name="FIELD" text="The field from the lines layer attributes table that contains the identifier of each line." description="Field" type="3">
		</element>
		<element name="TABLE" text="The table with distances and names of the lines to which points should be added. Distances should be expressed in map units. Line identifiers are case-sensitive." description="Table" type="3">
		</element>
		<element name="OUTPUT_DESCRIPTION" text="" description="Description" type="2">
		</element>
		<element name="RESULT" text="The resulting layer with points added at the given distances." description="Points" type="2">
		</element>
	</help>
<?xml version='1.0' encoding='ISO-8859-1' standalone='yes' ?>