<?xml version='1.0' encoding='ISO-8859-1' standalone='yes' ?>
	<help>
		<element name="DESCRIPTION" text="This algorithm split lines in a vector layer, creating a new layer with simple segments with only two points.&#10;&#10;Each line in the input layer is converted into n - 1 simple segments, n being the number of nodes if the original line. All those segments will have the same attributes as the layer they come from" description="Descripci&#243;n" type="0">
		</element>
		<element name="ADDITIONAL_INFO" text="" description="Informaci&#243;n adicional" type="0">
		</element>
		<element name="EXTENSION_AUTHOR" text="Victor Olaya" description="Algoritmo creado por" type="0">
		</element>
		<element name="HELP_AUTHOR" text="Victor Olaya" description="Ayuda creada por" type="0">
		</element>
		<element name="USER_NOTES" text="" description="Notas de usuario" type="0">
		</element>
		<element name="LINES" text="The input layer with lines to split" description="L&#237;neas" type="3">
		</element>
		<element name="OUTPUT_DESCRIPTION" text="" description="Descripci&#243;n general" type="2">
		</element>
		<element name="RESULT" text="The resulting layer, containing only simple segments." description="L&#237;neas" type="2">
		</element>
	</help>
<?xml version='1.0' encoding='ISO-8859-1' standalone='yes' ?>