<?xml version='1.0' encoding='ISO-8859-1' standalone='yes' ?>
	<help>
		<element name="DESCRIPTION" text='This algorithm modifies the values of a categorical raster layer, assigning unique values to each isolated zone.&#10;&#10;This can be seen as the raster equivalent of the vector algorithm "Separate multi-part features"' description="Description" type="0">
			<image description="Input class layer" file="reclasificar_en_clases_disjuntas1.jpg">
			</image>
			<image description="Reclassify layer" file="reclasificar_en_clases_disjuntas2.jpg">
			</image>
		</element>
		<element name="ADDITIONAL_INFO" text="" description="Additional information" type="0">
		</element>
		<element name="EXTENSION_AUTHOR" text="Victor Olaya" description="Extension created by" type="0">
		</element>
		<element name="HELP_AUTHOR" text="Victor Olaya" description="Help file created by" type="0">
		</element>
		<element name="USER_NOTES" text="" description="User_notes" type="0">
		</element>
		<element name="INPUT" text="The input layer. It must be a categorical layer" description="Layer" type="3">
		</element>
		<element name="OUTPUT_DESCRIPTION" text="" description="Description" type="2">
		</element>
		<element name="RECLASS" text="Raster layer with reclassified values." description="Reclassify" type="2">
		</element>
	</help>
<?xml version='1.0' encoding='ISO-8859-1' standalone='yes' ?>