<?xml version='1.0' encoding='ISO-8859-1' standalone='yes' ?>
	<help>
		<element name="DESCRIPTION" text="This algorithm joins adjacent lines, creating longer lines comprised of them. &#10;&#10;Adjacency is defined by a tolerance. When two extreme points from two lines are separated by a distance less than that tolerance, they are joined, as shown in the next figure" description="Description" type="0">
			<image description="" file="joinlines.png">
			</image>
		</element>
		<element name="ADDITIONAL_INFO" text="" description="Additional information" type="0">
		</element>
		<element name="EXTENSION_AUTHOR" text="Nacho Varela" description="Algorithm created by" type="0">
		</element>
		<element name="HELP_AUTHOR" text="Victor Olaya" description="Help file created by" type="0">
		</element>
		<element name="USER_NOTES" text="" description="User notes" type="0">
		</element>
		<element name="LAYER" text="The layer with input lines." description="Input layer" type="3">
		</element>
		<element name="TOLERANCE" text="The tolerance to define when two lines should be joined. This represent the distance between their extreme points." description="Tolerance" type="3">
		</element>
		<element name="OUTPUT_DESCRIPTION" text="" description="Description" type="2">
		</element>
		<element name="RESULT" text="The resulting layer with joined lines." description="Result" type="2">
		</element>
	</help>
<?xml version='1.0' encoding='ISO-8859-1' standalone='yes' ?>