<?xml version='1.0' encoding='ISO-8859-1' standalone='yes' ?>
	<help>
		<element name="DESCRIPTION" text="This algorithm calculates basic statistics for a given field of a table." description="Description" type="0">
		</element>
		<element name="ADDITIONAL_INFO" text="" description="Additional information" type="0">
		</element>
		<element name="EXTENSION_AUTHOR" text="Victor Olaya" description="Algorithm created by" type="0">
		</element>
		<element name="HELP_AUTHOR" text="Victor Olaya" description="Help file created by" type="0">
		</element>
		<element name="USER_NOTES" text="" description="User notes" type="0">
		</element>
		<element name="TABLE" text="The table to analyze" description="Table" type="3">
		</element>
		<element name="FIELD" text="The field with the values to analyze. It can be a numerical field or a string field with number strings." description="Field" type="3">
		</element>
		<element name="OUTPUT_DESCRIPTION" text="" description="Description" type="2">
		</element>
		<element name="STATS" text="The statistics calculated for the selected table and field." description="Statistics" type="2">
		</element>
		<element name="MEAN" text="" description="Mean value" type="2">
		</element>
		<element name="MEAN_SQUARED" text="" description="Mean squared value" type="2">
		</element>
		<element name="MIN" text="" description="Minimum value" type="2">
		</element>
		<element name="MAX" text="" description="Maximum value" type="2">
		</element>
		<element name="VARIANCE" text="" description="Variance" type="2">
		</element>
		<element name="SUM" text="" description="Total sum" type="2">
		</element>
		<element name="COEF_OF_VARIATION" text="" description="Coefficient of variation" type="2">
		</element>
	</help>
<?xml version='1.0' encoding='ISO-8859-1' standalone='yes' ?>