<?xml version='1.0' encoding='ISO-8859-1' standalone='yes' ?>
	<help>
		<element name="DESCRIPTION" text="This algorithms add holes to the polygons in a polygon layer that contains overlapping geometries.&#10;&#10;The algorithm checks for polygons that are contained within another polygon. When that happens the contained polygon is replaced by a hole in the containing one." description="Description" type="0">
			<image description="" file="holes.png">
			</image>
		</element>
		<element name="ADDITIONAL_INFO" text="" description="Additional information" type="0">
		</element>
		<element name="EXTENSION_AUTHOR" text="Victor Olaya" description="Algorithm created by" type="0">
		</element>
		<element name="HELP_AUTHOR" text="Victor Olaya" description="Help file created by" type="0">
		</element>
		<element name="USER_NOTES" text="" description="User notes" type="0">
		</element>
		<element name="POLYGONS" text="The polygons layer to analyze." description="Polygons_layer" type="3">
		</element>
		<element name="OUTPUT_DESCRIPTION" text="" description="Description" type="2">
		</element>
		<element name="RESULT" text="The resulting polygons layer, with holes replacing inner polygons." description="Result" type="2">
		</element>
	</help>
<?xml version='1.0' encoding='ISO-8859-1' standalone='yes' ?>