<?xml version='1.0' encoding='ISO-8859-1' standalone='yes' ?>
	<help>
		<element name="DESCRIPTION" text="This algorithm snaps points in a given layer to the lines in a second one." description="Description" type="0">
			<image description="" file="ajustar_capa_de_puntos_a_otra_capa.jpg">
			</image>
		</element>
		<element name="ADDITIONAL_INFO" text="" description="Additional information" type="0">
		</element>
		<element name="EXTENSION_AUTHOR" text="Victor Olaya" description="Extension created by" type="0">
		</element>
		<element name="HELP_AUTHOR" text="Victor Olaya" description="Help file created by" type="0">
		</element>
		<element name="USER_NOTES" text="" description="User_notes" type="0">
		</element>
		<element name="LAYER" text="The input points layer." description="Points layer" type="3">
		</element>
		<element name="SNAPTO" text="the input lines layer." description="Lines layer" type="3">
		</element>
		<element name="TOLERANCE" text="The maximum snapping distance. If distance from a point to the closest line is lower than this tolerance, the point will be snapped to that line." description="Tolerance" type="3">
		</element>
		<element name="OUTPUT_DESCRIPTION" text="" description="Description" type="2">
		</element>
		<element name="RESULT" text="The resulting points layer." description="Snapped points" type="2">
		</element>
	</help>
<?xml version='1.0' encoding='ISO-8859-1' standalone='yes' ?>