<?xml version='1.0' encoding='ISO-8859-1' standalone='yes' ?>
	<help>
		<element name="DESCRIPTION" text="This algorithm converts rectangular coordinates to polar ones. This can be used to prepare cost layer to be used with the anisotropic cost algorithm, since it requires layer in that format (a maximum cost layer and a maximum cost direction one)" description="Description" type="0">
		</element>
		<element name="ADDITIONAL_INFO" text="" description="Additional information" type="0">
		</element>
		<element name="EXTENSION_AUTHOR" text="Victor Olaya" description="Extension created by" type="0">
		</element>
		<element name="HELP_AUTHOR" text="Victor Olaya" description="Help file created by" type="0">
		</element>
		<element name="USER_NOTES" text="" description="User_notes" type="0">
		</element>
		<element name="X" text="The layer contaning the X component of a vector" description="X" type="3">
		</element>
		<element name="Y" text="The layer contaning the X component of a vector" description="Y" type="3">
		</element>
		<element name="OUTPUT_DESCRIPTION" text="" description="Description" type="2">
		</element>
		<element name="ANGLE" text="The resulting layer containing the angle of the vector obtained after converting X and Y values at the given cell to polar coordinates." description="Angle" type="2">
		</element>
		<element name="DIST" text="The resulting layer containing the distance (modulus) of the vector obtained after converting X and Y values at the given cell to polar coordinates." description="Distance" type="2">
		</element>
	</help>
<?xml version='1.0' encoding='ISO-8859-1' standalone='yes' ?>